TimeStamp,User ID,Date Of Birth,city,country,Loyalty Card,Payment Card,PRM Type,Preferred means of transportation,Preferred carrier,Class,Seat,Refund Type,Travel Offer ID,Legs Number,Profile,Starting point,Destination,Via,Departure time,Arrival time,Services,Transfers,Transfer duration,Walking distance to stop,Walking speed,Cycling distance to stop,Cycling speed,Driving speed,Quick,Reliable,Cheap,Comfortable,Door-to-door,Environmentally friendly,Short,Multitasking,Social,Panoramic,Healthy,LegMode,LegCarrier,LegSeat,LegLength,Score
2021-05-01 02:30:40.576868,COLDUSER1,2016-07-10,Nice,France,"['Cartafreccia', 'Golden Card', 'FlyingBlue']","['Paypal', 'Apple Wallet', 'Google Wallet', 'Visa', 'Mastercard']","['Wheelchair users in mainstreaming seat', 'Persons porting a carrycots', 'Wheelchair users in specific seat named h-seat', 'Person with deafness or auditory impairments', 'Persons with impairments in their members / users of temporary wheelchair', 'Pregnant woman', 'Older person', 'Persons with blind or visual impairments']","['Coach', 'Airline', 'Other', 'Car Sharing', 'Cable Way', 'Toll', 'Intercity', 'Urban']","[1.0, 0.5, 1.0, 1.0, 3.5, 1.5, 4.0, 0.0, 4.5, 2.0]",First Class,Window,Manual refund,2021050120055913,5,Business,Dublin,Milan,"['Krumlov', 'London', 'Praha', 'Nice']",2022-10-20 21:49,2022-11-02 08:53,"['Local type', 'Water transport', 'Telecabin']",Unlimited,At least 35 min,1500m,Slow,6000m,Fast,Fast,0.7209,0.8753,0.7185,0.9282,0.3425,0.6612,0.4368,0.5731,0.7515,0.0452,0.7069,"['Car Sharing', 'Taxi', 'Trolely Bus', 'Bike Sharing', 'Ship']","['TMB', 'Iberia', 'Trenitalia', 'TMB', 'FlixBus']","['Window', 'Aisle', 'Aisle', 'Window', 'Window']","[85, 18, 74, 18, 50]",2.2717357147864638e-53
2021-05-01 02:30:40.576868,COLDUSER1,2016-07-10,Nice,France,"['Cartafreccia', 'Golden Card', 'FlyingBlue']","['Paypal', 'Apple Wallet', 'Google Wallet', 'Visa', 'Mastercard']","['Wheelchair users in mainstreaming seat', 'Persons porting a carrycots', 'Wheelchair users in specific seat named h-seat', 'Person with deafness or auditory impairments', 'Persons with impairments in their members / users of temporary wheelchair', 'Pregnant woman', 'Older person', 'Persons with blind or visual impairments']","['Coach', 'Airline', 'Other', 'Car Sharing', 'Cable Way', 'Toll', 'Intercity', 'Urban']","[1.0, 0.5, 1.0, 1.0, 3.5, 1.5, 4.0, 0.0, 4.5, 2.0]",First Class,Window,Manual refund,202105012005590,9,Business,Dublin,Milan,"['Lisbon', 'Barcelona', 'Crok', 'Brugge', 'Bruxelle', 'Rome', 'Kraków', 'Praha']",2022-10-20 21:49,2022-11-02 08:53,"['Local type', 'Water transport', 'Telecabin']",None,At least 25 min,500m,Slow,10000m,Fast,Fast,0.2524,0.2218,0.4992,0.1615,0.2703,0.3528,0.8101,0.5565,0.7491,0.1103,0.9078,"['Tram', 'Park', 'Coach', 'Train', 'Coach', 'Other', 'Train', 'Tram', 'Intercity']","['VBB', 'AirFrance', 'FlixBus', 'TMB', 'FlixBus', 'Iberia', 'FlixBus', 'KLM', 'Trenitalia']","['Large', 'Window', 'Large', 'Aisle', 'Large', 'Window', 'Window', 'Window', 'Window']","[98, 72, 24, 44, 75, 47, 70, 64, 72]",1.6970427682494143e-53
2021-05-01 02:30:40.576868,COLDUSER1,2016-07-10,Nice,France,"['Cartafreccia', 'Golden Card', 'FlyingBlue']","['Paypal', 'Apple Wallet', 'Google Wallet', 'Visa', 'Mastercard']","['Wheelchair users in mainstreaming seat', 'Persons porting a carrycots', 'Wheelchair users in specific seat named h-seat', 'Person with deafness or auditory impairments', 'Persons with impairments in their members / users of temporary wheelchair', 'Pregnant woman', 'Older person', 'Persons with blind or visual impairments']","['Coach', 'Airline', 'Other', 'Car Sharing', 'Cable Way', 'Toll', 'Intercity', 'Urban']","[1.0, 0.5, 1.0, 1.0, 3.5, 1.5, 4.0, 0.0, 4.5, 2.0]",First Class,Window,Manual refund,202105012005593,7,Business,Dublin,Milan,"['Kraków', 'Lisbon', 'Barcelona', 'Dublin', 'Brugge', 'Frankfurt']",2022-10-20 21:49,2022-11-02 08:53,"['Local type', 'Water transport', 'Telecabin']",Max 4,At least 30 min,2500m,Slow,9500m,Fast,Fast,0.1134,0.5128,0.5647,0.1271,0.7514,0.0451,0.2073,0.5821,0.3048,0.4952,0.8825,"['Trolely Bus', 'Ship', 'Urban', 'Car Sharing', 'Car Sharing', 'Cable Way', 'Trolely Bus']","['FlixBus', 'Iberia', 'AirFrance', 'FlixBus', 'TMB', 'KLM', 'TMB']","['Large', 'Large', 'Aisle', 'Aisle', 'Window', 'Large', 'Window']","[54, 48, 50, 91, 96, 30, 60]",1.479600320948544e-53
2021-05-01 02:30:40.576868,COLDUSER1,2016-07-10,Nice,France,"['Cartafreccia', 'Golden Card', 'FlyingBlue']","['Paypal', 'Apple Wallet', 'Google Wallet', 'Visa', 'Mastercard']","['Wheelchair users in mainstreaming seat', 'Persons porting a carrycots', 'Wheelchair users in specific seat named h-seat', 'Person with deafness or auditory impairments', 'Persons with impairments in their members / users of temporary wheelchair', 'Pregnant woman', 'Older person', 'Persons with blind or visual impairments']","['Coach', 'Airline', 'Other', 'Car Sharing', 'Cable Way', 'Toll', 'Intercity', 'Urban']","[1.0, 0.5, 1.0, 1.0, 3.5, 1.5, 4.0, 0.0, 4.5, 2.0]",First Class,Window,Manual refund,202105012005594,9,Business,Dublin,Milan,"['Lisbon', 'Brugge', 'Frankfurt', 'Paris', 'Porto', 'Kraków', 'Oxford', 'Nice']",2022-10-20 21:49,2022-11-02 08:53,"['Local type', 'Water transport', 'Telecabin']",Max 2,At least 25 min,1500m,Slow,10500m,Fast,Fast,0.6097,0.6294,0.1353,0.3523,0.9595,0.2055,0.4583,0.4287,0.8414,0.0778,0.4389,"['Other', 'Trolely Bus', 'Park', 'Tram', 'Bus', 'Bike Sharing', 'Bus', 'Intercity', 'Ship']","['TMB', 'Renfe', 'Renfe', 'KLM', 'Renfe', 'FlixBus', 'TMB', 'RegioJet', 'Trenitalia']","['Window', 'Window', 'Window', 'Aisle', 'Window', 'Window', 'Window', 'Aisle', 'Aisle']","[23, 90, 11, 100, 29, 66, 46, 36, 56]",1.4178478962933202e-53
2021-05-01 02:30:40.576868,COLDUSER1,2016-07-10,Nice,France,"['Cartafreccia', 'Golden Card', 'FlyingBlue']","['Paypal', 'Apple Wallet', 'Google Wallet', 'Visa', 'Mastercard']","['Wheelchair users in mainstreaming seat', 'Persons porting a carrycots', 'Wheelchair users in specific seat named h-seat', 'Person with deafness or auditory impairments', 'Persons with impairments in their members / users of temporary wheelchair', 'Pregnant woman', 'Older person', 'Persons with blind or visual impairments']","['Coach', 'Airline', 'Other', 'Car Sharing', 'Cable Way', 'Toll', 'Intercity', 'Urban']","[1.0, 0.5, 1.0, 1.0, 3.5, 1.5, 4.0, 0.0, 4.5, 2.0]",First Class,Window,Manual refund,2021050120055915,5,Business,Dublin,Milan,"['Lisbon', 'Berlin', 'Oxford', 'Krumlov']",2022-10-20 21:49,2022-11-02 08:53,"['Local type', 'Water transport', 'Telecabin']",Max 3,At least 30 min,1500m,Slow,13500m,Fast,Fast,0.6421,0.9554,0.6176,0.8058,0.8482,0.977,0.1187,0.7608,0.2106,0.7291,0.2912,"['Tram', 'Train', 'Taxi', 'Car Sharing', 'Metro']","['VBB', 'TMB', 'Trenitalia', 'AirFrance', 'Trenitalia']","['Large', 'Window', 'Large', 'Window', 'Aisle']","[42, 26, 22, 17, 85]",1.3435397661475814e-53
2021-05-01 02:30:40.576868,COLDUSER1,2016-07-10,Nice,France,"['Cartafreccia', 'Golden Card', 'FlyingBlue']","['Paypal', 'Apple Wallet', 'Google Wallet', 'Visa', 'Mastercard']","['Wheelchair users in mainstreaming seat', 'Persons porting a carrycots', 'Wheelchair users in specific seat named h-seat', 'Person with deafness or auditory impairments', 'Persons with impairments in their members / users of temporary wheelchair', 'Pregnant woman', 'Older person', 'Persons with blind or visual impairments']","['Coach', 'Airline', 'Other', 'Car Sharing', 'Cable Way', 'Toll', 'Intercity', 'Urban']","[1.0, 0.5, 1.0, 1.0, 3.5, 1.5, 4.0, 0.0, 4.5, 2.0]",First Class,Window,Manual refund,2021050120055917,3,Business,Dublin,Milan,"['London', 'Frankfurt']",2022-10-20 21:49,2022-11-02 08:53,"['Local type', 'Water transport', 'Telecabin']",Max 1,At least 25 min,1500m,Slow,16000m,Fast,Fast,0.1136,0.3424,0.6322,0.4742,0.1556,0.7529,0.6773,0.1838,0.9233,0.8424,0.2985,"['Funicular', 'Cable Way', 'Airline']","['SNFC', 'SNFC', 'Trenitalia']","['Large', 'Large', 'Window']","[42, 64, 64]",1.2294951680520818e-53
2021-05-01 02:30:40.576868,COLDUSER1,2016-07-10,Nice,France,"['Cartafreccia', 'Golden Card', 'FlyingBlue']","['Paypal', 'Apple Wallet', 'Google Wallet', 'Visa', 'Mastercard']","['Wheelchair users in mainstreaming seat', 'Persons porting a carrycots', 'Wheelchair users in specific seat named h-seat', 'Person with deafness or auditory impairments', 'Persons with impairments in their members / users of temporary wheelchair', 'Pregnant woman', 'Older person', 'Persons with blind or visual impairments']","['Coach', 'Airline', 'Other', 'Car Sharing', 'Cable Way', 'Toll', 'Intercity', 'Urban']","[1.0, 0.5, 1.0, 1.0, 3.5, 1.5, 4.0, 0.0, 4.5, 2.0]",First Class,Window,Manual refund,202105012005597,1,Business,Dublin,Milan,[],2022-10-20 21:49,2022-11-02 08:53,"['Local type', 'Water transport', 'Telecabin']",Max 1,At least 30 min,4500m,Slow,11500m,Fast,Fast,0.8873,0.8939,0.0538,0.6263,0.1191,0.3204,0.2664,0.1559,0.4213,0.0536,0.3201,['Urban'],['Iberia'],['Large'],[84],1.1567351102122998e-53
2021-05-01 02:30:40.576868,COLDUSER1,2016-07-10,Nice,France,"['Cartafreccia', 'Golden Card', 'FlyingBlue']","['Paypal', 'Apple Wallet', 'Google Wallet', 'Visa', 'Mastercard']","['Wheelchair users in mainstreaming seat', 'Persons porting a carrycots', 'Wheelchair users in specific seat named h-seat', 'Person with deafness or auditory impairments', 'Persons with impairments in their members / users of temporary wheelchair', 'Pregnant woman', 'Older person', 'Persons with blind or visual impairments']","['Coach', 'Airline', 'Other', 'Car Sharing', 'Cable Way', 'Toll', 'Intercity', 'Urban']","[1.0, 0.5, 1.0, 1.0, 3.5, 1.5, 4.0, 0.0, 4.5, 2.0]",First Class,Window,Manual refund,2021050120055923,1,Business,Dublin,Milan,[],2022-10-20 21:49,2022-11-02 08:53,"['Local type', 'Water transport', 'Telecabin']",Max 2,At least 40 min,500m,Slow,2000m,Fast,Fast,0.8721,0.8088,0.3268,0.9756,0.8539,0.6462,0.4439,0.6706,0.3887,0.1473,0.4068,['Intercity'],['TMB'],['Large'],[99],1.0892562611485966e-53
2021-05-01 02:30:40.576868,COLDUSER1,2016-07-10,Nice,France,"['Cartafreccia', 'Golden Card', 'FlyingBlue']","['Paypal', 'Apple Wallet', 'Google Wallet', 'Visa', 'Mastercard']","['Wheelchair users in mainstreaming seat', 'Persons porting a carrycots', 'Wheelchair users in specific seat named h-seat', 'Person with deafness or auditory impairments', 'Persons with impairments in their members / users of temporary wheelchair', 'Pregnant woman', 'Older person', 'Persons with blind or visual impairments']","['Coach', 'Airline', 'Other', 'Car Sharing', 'Cable Way', 'Toll', 'Intercity', 'Urban']","[1.0, 0.5, 1.0, 1.0, 3.5, 1.5, 4.0, 0.0, 4.5, 2.0]",First Class,Window,Manual refund,2021050120055927,10,Business,Dublin,Milan,"['Krumlov', 'Milan', 'Warsaw', 'Bruxelle', 'Porto', 'Lisbon', 'Barcelona', 'Berlin', 'Praha']",2022-10-20 21:49,2022-11-02 08:53,"['Local type', 'Water transport', 'Telecabin']",Max 2,At least 20 min,4500m,Slow,18500m,Fast,Fast,0.4965,0.9004,0.4797,0.8286,0.8628,0.0158,0.7802,0.2092,0.0772,0.1411,0.39899999999999997,"['Park', 'Funicular', 'Ship', 'Urban', 'Ship', 'Bike Sharing', 'Bike Sharing', 'Airline', 'Intercity', 'Coach']","['SNFC', 'VBB', 'Iberia', 'Renfe', 'SNFC', 'AirFrance', 'AirFrance', 'SNFC', 'Renfe', 'RegioJet']","['Window', 'Aisle', 'Aisle', 'Window', 'Aisle', 'Window', 'Aisle', 'Window', 'Large', 'Aisle']","[10, 59, 56, 77, 62, 89, 69, 23, 99, 54]",1.0762995686772003e-53
2021-05-01 02:30:40.576868,COLDUSER1,2016-07-10,Nice,France,"['Cartafreccia', 'Golden Card', 'FlyingBlue']","['Paypal', 'Apple Wallet', 'Google Wallet', 'Visa', 'Mastercard']","['Wheelchair users in mainstreaming seat', 'Persons porting a carrycots', 'Wheelchair users in specific seat named h-seat', 'Person with deafness or auditory impairments', 'Persons with impairments in their members / users of temporary wheelchair', 'Pregnant woman', 'Older person', 'Persons with blind or visual impairments']","['Coach', 'Airline', 'Other', 'Car Sharing', 'Cable Way', 'Toll', 'Intercity', 'Urban']","[1.0, 0.5, 1.0, 1.0, 3.5, 1.5, 4.0, 0.0, 4.5, 2.0]",First Class,Window,Manual refund,2021050120055920,3,Business,Dublin,Milan,"['Nice', 'Dublin']",2022-10-20 21:49,2022-11-02 08:53,"['Local type', 'Water transport', 'Telecabin']",Unlimited,At least 45 min,4000m,Slow,19000m,Fast,Fast,0.5794,0.1356,0.6304,0.7046,0.0605,0.3741,0.7009,0.9597,0.8444,0.6998,0.4468,"['Cable Way', 'Cable Way', 'Bus']","['FlixBus', 'SNFC', 'TMB']","['Large', 'Window', 'Window']","[27, 62, 38]",1.076141023794414e-53
2021-05-01 02:30:40.576868,COLDUSER1,2016-07-10,Nice,France,"['Cartafreccia', 'Golden Card', 'FlyingBlue']","['Paypal', 'Apple Wallet', 'Google Wallet', 'Visa', 'Mastercard']","['Wheelchair users in mainstreaming seat', 'Persons porting a carrycots', 'Wheelchair users in specific seat named h-seat', 'Person with deafness or auditory impairments', 'Persons with impairments in their members / users of temporary wheelchair', 'Pregnant woman', 'Older person', 'Persons with blind or visual impairments']","['Coach', 'Airline', 'Other', 'Car Sharing', 'Cable Way', 'Toll', 'Intercity', 'Urban']","[1.0, 0.5, 1.0, 1.0, 3.5, 1.5, 4.0, 0.0, 4.5, 2.0]",First Class,Window,Manual refund,202105012005596,3,Business,Dublin,Milan,"['Brugge', 'Warsaw']",2022-10-20 21:49,2022-11-02 08:53,"['Local type', 'Water transport', 'Telecabin']",Max 3,At least 45 min,4000m,Slow,8000m,Fast,Fast,0.4867,0.3567,0.8773,0.7959,0.612,0.6626,0.3831,0.3853,0.5324,0.3006,0.8106,"['Train', 'Toll', 'Ship']","['RegioJet', 'Trenitalia', 'KLM']","['Window', 'Window', 'Window']","[10, 94, 59]",1.030345993266404e-53
2021-05-01 02:30:40.576868,COLDUSER1,2016-07-10,Nice,France,"['Cartafreccia', 'Golden Card', 'FlyingBlue']","['Paypal', 'Apple Wallet', 'Google Wallet', 'Visa', 'Mastercard']","['Wheelchair users in mainstreaming seat', 'Persons porting a carrycots', 'Wheelchair users in specific seat named h-seat', 'Person with deafness or auditory impairments', 'Persons with impairments in their members / users of temporary wheelchair', 'Pregnant woman', 'Older person', 'Persons with blind or visual impairments']","['Coach', 'Airline', 'Other', 'Car Sharing', 'Cable Way', 'Toll', 'Intercity', 'Urban']","[1.0, 0.5, 1.0, 1.0, 3.5, 1.5, 4.0, 0.0, 4.5, 2.0]",First Class,Window,Manual refund,2021050120055926,5,Business,Dublin,Milan,"['Bruxelle', 'Nice', 'Oxford', 'Praha']",2022-10-20 21:49,2022-11-02 08:53,"['Local type', 'Water transport', 'Telecabin']",Max 3,At least 25 min,3000m,Slow,17000m,Fast,Fast,0.5461,0.8147,0.3583,0.4305,0.5759,0.2433,0.5465,0.9666,0.3155,0.0124,0.7859999999999999,"['Car Sharing', 'Funicular', 'Bus', 'Tram', 'Taxi']","['KLM', 'VBB', 'Iberia', 'Trenitalia', 'AirFrance']","['Large', 'Aisle', 'Window', 'Large', 'Large']","[86, 50, 20, 64, 38]",1.0073849446549031e-53
2021-05-01 02:30:40.576868,COLDUSER1,2016-07-10,Nice,France,"['Cartafreccia', 'Golden Card', 'FlyingBlue']","['Paypal', 'Apple Wallet', 'Google Wallet', 'Visa', 'Mastercard']","['Wheelchair users in mainstreaming seat', 'Persons porting a carrycots', 'Wheelchair users in specific seat named h-seat', 'Person with deafness or auditory impairments', 'Persons with impairments in their members / users of temporary wheelchair', 'Pregnant woman', 'Older person', 'Persons with blind or visual impairments']","['Coach', 'Airline', 'Other', 'Car Sharing', 'Cable Way', 'Toll', 'Intercity', 'Urban']","[1.0, 0.5, 1.0, 1.0, 3.5, 1.5, 4.0, 0.0, 4.5, 2.0]",First Class,Window,Manual refund,2021050120055919,8,Business,Dublin,Milan,"['Dublin', 'Nice', 'Crok', 'Praha', 'Warsaw', 'London', 'Madrid']",2022-10-20 21:49,2022-11-02 08:53,"['Local type', 'Water transport', 'Telecabin']",Max 4,At least 15 min,4500m,Slow,10000m,Fast,Fast,0.0064,0.5422,0.6617,0.6238,0.7673,0.9844,0.8877,0.6844,0.5303,0.4066,0.6373,"['Cable Way', 'Car Sharing', 'Toll', 'Urban', 'Cable Way', 'Park', 'Coach', 'Car Sharing']","['SNFC', 'KLM', 'VBB', 'SNFC', 'Iberia', 'AirFrance', 'KLM', 'Trenitalia']","['Large', 'Window', 'Window', 'Large', 'Aisle', 'Large', 'Aisle', 'Large']","[72, 36, 49, 45, 66, 26, 58, 77]",1.0003452387799496e-53
2021-05-01 02:30:40.576868,COLDUSER1,2016-07-10,Nice,France,"['Cartafreccia', 'Golden Card', 'FlyingBlue']","['Paypal', 'Apple Wallet', 'Google Wallet', 'Visa', 'Mastercard']","['Wheelchair users in mainstreaming seat', 'Persons porting a carrycots', 'Wheelchair users in specific seat named h-seat', 'Person with deafness or auditory impairments', 'Persons with impairments in their members / users of temporary wheelchair', 'Pregnant woman', 'Older person', 'Persons with blind or visual impairments']","['Coach', 'Airline', 'Other', 'Car Sharing', 'Cable Way', 'Toll', 'Intercity', 'Urban']","[1.0, 0.5, 1.0, 1.0, 3.5, 1.5, 4.0, 0.0, 4.5, 2.0]",First Class,Window,Manual refund,202105012005592,3,Business,Dublin,Milan,"['Kraków', 'Frankfurt']",2022-10-20 21:49,2022-11-02 08:53,"['Local type', 'Water transport', 'Telecabin']",None,At least 30 min,3500m,Slow,16500m,Fast,Fast,0.0796,0.752,0.0866,0.3374,0.3386,0.8053,0.4427,0.4872,0.1641,0.1975,0.8517,"['Park', 'Other', 'Ship']","['FlixBus', 'SNFC', 'SNFC']","['Window', 'Window', 'Aisle']","[47, 26, 37]",9.98552583582478e-54
2021-05-01 02:30:40.576868,COLDUSER1,2016-07-10,Nice,France,"['Cartafreccia', 'Golden Card', 'FlyingBlue']","['Paypal', 'Apple Wallet', 'Google Wallet', 'Visa', 'Mastercard']","['Wheelchair users in mainstreaming seat', 'Persons porting a carrycots', 'Wheelchair users in specific seat named h-seat', 'Person with deafness or auditory impairments', 'Persons with impairments in their members / users of temporary wheelchair', 'Pregnant woman', 'Older person', 'Persons with blind or visual impairments']","['Coach', 'Airline', 'Other', 'Car Sharing', 'Cable Way', 'Toll', 'Intercity', 'Urban']","[1.0, 0.5, 1.0, 1.0, 3.5, 1.5, 4.0, 0.0, 4.5, 2.0]",First Class,Window,Manual refund,202105012005595,10,Business,Dublin,Milan,"['Milan', 'Bruxelle', 'Brugge', 'Warsaw', 'Paris', 'Porto', 'London', 'Lisbon', 'Nice']",2022-10-20 21:49,2022-11-02 08:53,"['Local type', 'Water transport', 'Telecabin']",Max 2,At least 20 min,4000m,Slow,19500m,Fast,Fast,0.1924,0.5215,0.3902,0.5763,0.3343,0.0153,0.8484,0.6878,0.48700000000000004,0.4094,0.2037,"['Bus', 'Cable Way', 'Bike Sharing', 'Trolely Bus', 'Urban', 'Bike Sharing', 'Car Sharing', 'Airline', 'Intercity', 'Funicular']","['RegioJet', 'KLM', 'SNFC', 'Renfe', 'KLM', 'AirFrance', 'Iberia', 'AirFrance', 'Renfe', 'VBB']","['Large', 'Aisle', 'Large', 'Window', 'Window', 'Aisle', 'Aisle', 'Window', 'Large', 'Window']","[58, 93, 26, 47, 11, 86, 31, 62, 54, 51]",9.971554871985727e-54
2021-05-01 02:30:40.576868,COLDUSER1,2016-07-10,Nice,France,"['Cartafreccia', 'Golden Card', 'FlyingBlue']","['Paypal', 'Apple Wallet', 'Google Wallet', 'Visa', 'Mastercard']","['Wheelchair users in mainstreaming seat', 'Persons porting a carrycots', 'Wheelchair users in specific seat named h-seat', 'Person with deafness or auditory impairments', 'Persons with impairments in their members / users of temporary wheelchair', 'Pregnant woman', 'Older person', 'Persons with blind or visual impairments']","['Coach', 'Airline', 'Other', 'Car Sharing', 'Cable Way', 'Toll', 'Intercity', 'Urban']","[1.0, 0.5, 1.0, 1.0, 3.5, 1.5, 4.0, 0.0, 4.5, 2.0]",First Class,Window,Manual refund,2021050120055925,4,Business,Dublin,Milan,"['Crok', 'Warsaw', 'Barcelona']",2022-10-20 21:49,2022-11-02 08:53,"['Local type', 'Water transport', 'Telecabin']",Max 3,At least 15 min,2500m,Slow,10000m,Fast,Fast,0.1993,0.7817,0.7577,0.0493,0.7598,0.9045,0.3433,0.1508,0.3355,0.4691,0.9257,"['Car Sharing', 'Intercity', 'Park', 'Tram']","['FlixBus', 'FlixBus', 'RegioJet', 'KLM']","['Window', 'Window', 'Window', 'Large']","[58, 71, 60, 40]",9.960273467597574e-54
2021-05-01 02:30:40.576868,COLDUSER1,2016-07-10,Nice,France,"['Cartafreccia', 'Golden Card', 'FlyingBlue']","['Paypal', 'Apple Wallet', 'Google Wallet', 'Visa', 'Mastercard']","['Wheelchair users in mainstreaming seat', 'Persons porting a carrycots', 'Wheelchair users in specific seat named h-seat', 'Person with deafness or auditory impairments', 'Persons with impairments in their members / users of temporary wheelchair', 'Pregnant woman', 'Older person', 'Persons with blind or visual impairments']","['Coach', 'Airline', 'Other', 'Car Sharing', 'Cable Way', 'Toll', 'Intercity', 'Urban']","[1.0, 0.5, 1.0, 1.0, 3.5, 1.5, 4.0, 0.0, 4.5, 2.0]",First Class,Window,Manual refund,2021050120055922,4,Business,Dublin,Milan,"['Brugge', 'Nice', 'Kraków']",2022-10-20 21:49,2022-11-02 08:53,"['Local type', 'Water transport', 'Telecabin']",Max 3,At least 40 min,4000m,Slow,17500m,Fast,Fast,0.5366,0.9137,0.5948,0.6444,0.9747,0.0652,0.0431,0.9195,0.7929,0.2549,0.2295,"['Toll', 'Bus', 'Taxi', 'Metro']","['SNFC', 'AirFrance', 'KLM', 'KLM']","['Large', 'Large', 'Large', 'Window']","[37, 17, 62, 21]",9.827303224021267e-54
2021-05-01 02:30:40.576868,COLDUSER1,2016-07-10,Nice,France,"['Cartafreccia', 'Golden Card', 'FlyingBlue']","['Paypal', 'Apple Wallet', 'Google Wallet', 'Visa', 'Mastercard']","['Wheelchair users in mainstreaming seat', 'Persons porting a carrycots', 'Wheelchair users in specific seat named h-seat', 'Person with deafness or auditory impairments', 'Persons with impairments in their members / users of temporary wheelchair', 'Pregnant woman', 'Older person', 'Persons with blind or visual impairments']","['Coach', 'Airline', 'Other', 'Car Sharing', 'Cable Way', 'Toll', 'Intercity', 'Urban']","[1.0, 0.5, 1.0, 1.0, 3.5, 1.5, 4.0, 0.0, 4.5, 2.0]",First Class,Window,Manual refund,2021050120055910,6,Business,Dublin,Milan,"['Lisbon', 'Brugge', 'Rome', 'Barcelona', 'Paris']",2022-10-20 21:49,2022-11-02 08:53,"['Local type', 'Water transport', 'Telecabin']",Max 4,At least 30 min,500m,Slow,16000m,Fast,Fast,0.5956,0.8959,0.8872,0.0501,0.6693,0.9799,0.7839,0.6094,0.8973,0.3512,0.8833,"['Park', 'Trolely Bus', 'Ship', 'Airline', 'Toll', 'Trolely Bus']","['Trenitalia', 'FlixBus', 'AirFrance', 'Renfe', 'SNFC', 'Trenitalia']","['Aisle', 'Large', 'Aisle', 'Aisle', 'Aisle', 'Window']","[69, 93, 21, 20, 86, 67]",9.480370639991657e-54
2021-05-01 02:30:40.576868,COLDUSER1,2016-07-10,Nice,France,"['Cartafreccia', 'Golden Card', 'FlyingBlue']","['Paypal', 'Apple Wallet', 'Google Wallet', 'Visa', 'Mastercard']","['Wheelchair users in mainstreaming seat', 'Persons porting a carrycots', 'Wheelchair users in specific seat named h-seat', 'Person with deafness or auditory impairments', 'Persons with impairments in their members / users of temporary wheelchair', 'Pregnant woman', 'Older person', 'Persons with blind or visual impairments']","['Coach', 'Airline', 'Other', 'Car Sharing', 'Cable Way', 'Toll', 'Intercity', 'Urban']","[1.0, 0.5, 1.0, 1.0, 3.5, 1.5, 4.0, 0.0, 4.5, 2.0]",First Class,Window,Manual refund,202105012005599,4,Business,Dublin,Milan,"['Porto', 'Brugge', 'Krumlov']",2022-10-20 21:49,2022-11-02 08:53,"['Local type', 'Water transport', 'Telecabin']",Unlimited,At least 35 min,3000m,Slow,18500m,Fast,Fast,0.0259,0.845,0.1071,0.7261,0.0874,0.8155,0.5259,0.7518,0.2818,0.3574,0.402,"['Park', 'Ship', 'Bike Sharing', 'Other']","['SNFC', 'Renfe', 'KLM', 'VBB']","['Aisle', 'Large', 'Aisle', 'Aisle']","[73, 17, 75, 89]",9.451230170106518e-54
2021-05-01 02:30:40.576868,COLDUSER1,2016-07-10,Nice,France,"['Cartafreccia', 'Golden Card', 'FlyingBlue']","['Paypal', 'Apple Wallet', 'Google Wallet', 'Visa', 'Mastercard']","['Wheelchair users in mainstreaming seat', 'Persons porting a carrycots', 'Wheelchair users in specific seat named h-seat', 'Person with deafness or auditory impairments', 'Persons with impairments in their members / users of temporary wheelchair', 'Pregnant woman', 'Older person', 'Persons with blind or visual impairments']","['Coach', 'Airline', 'Other', 'Car Sharing', 'Cable Way', 'Toll', 'Intercity', 'Urban']","[1.0, 0.5, 1.0, 1.0, 3.5, 1.5, 4.0, 0.0, 4.5, 2.0]",First Class,Window,Manual refund,202105012005591,4,Business,Dublin,Milan,"['Berlin', 'Dublin', 'Brugge']",2022-10-20 21:49,2022-11-02 08:53,"['Local type', 'Water transport', 'Telecabin']",Max 4,At least 25 min,2500m,Slow,16500m,Fast,Fast,0.3499,0.1434,0.0229,0.7212,0.7168,0.1977,0.3031,0.0795,0.7446,0.5011,0.5256,"['Funicular', 'Ship', 'Car Sharing', 'Ship']","['SNFC', 'SNFC', 'KLM', 'FlixBus']","['Large', 'Large', 'Large', 'Window']","[93, 60, 26, 92]",8.726058468095237e-54
2021-05-01 02:30:40.576868,COLDUSER1,2016-07-10,Nice,France,"['Cartafreccia', 'Golden Card', 'FlyingBlue']","['Paypal', 'Apple Wallet', 'Google Wallet', 'Visa', 'Mastercard']","['Wheelchair users in mainstreaming seat', 'Persons porting a carrycots', 'Wheelchair users in specific seat named h-seat', 'Person with deafness or auditory impairments', 'Persons with impairments in their members / users of temporary wheelchair', 'Pregnant woman', 'Older person', 'Persons with blind or visual impairments']","['Coach', 'Airline', 'Other', 'Car Sharing', 'Cable Way', 'Toll', 'Intercity', 'Urban']","[1.0, 0.5, 1.0, 1.0, 3.5, 1.5, 4.0, 0.0, 4.5, 2.0]",First Class,Window,Manual refund,2021050120055918,4,Business,Dublin,Milan,"['Krumlov', 'Madrid', 'Brugge']",2022-10-20 21:49,2022-11-02 08:53,"['Local type', 'Water transport', 'Telecabin']",Max 3,At least 15 min,3500m,Slow,7500m,Fast,Fast,0.18100000000000002,0.5028,0.0602,0.4922,0.7538,0.0853,0.8722,0.6679999999999999,0.0069,0.0041,0.114,"['Airline', 'Bike Sharing', 'Park', 'Cable Way']","['Renfe', 'SNFC', 'FlixBus', 'Iberia']","['Large', 'Window', 'Window', 'Aisle']","[87, 40, 44, 24]",8.693725856701403e-54
2021-05-01 02:30:40.576868,COLDUSER1,2016-07-10,Nice,France,"['Cartafreccia', 'Golden Card', 'FlyingBlue']","['Paypal', 'Apple Wallet', 'Google Wallet', 'Visa', 'Mastercard']","['Wheelchair users in mainstreaming seat', 'Persons porting a carrycots', 'Wheelchair users in specific seat named h-seat', 'Person with deafness or auditory impairments', 'Persons with impairments in their members / users of temporary wheelchair', 'Pregnant woman', 'Older person', 'Persons with blind or visual impairments']","['Coach', 'Airline', 'Other', 'Car Sharing', 'Cable Way', 'Toll', 'Intercity', 'Urban']","[1.0, 0.5, 1.0, 1.0, 3.5, 1.5, 4.0, 0.0, 4.5, 2.0]",First Class,Window,Manual refund,2021050120055916,5,Business,Dublin,Milan,"['Brugge', 'Madrid', 'Rome', 'Lisbon']",2022-10-20 21:49,2022-11-02 08:53,"['Local type', 'Water transport', 'Telecabin']",None,At least 45 min,500m,Slow,2500m,Fast,Fast,0.5075,0.5215,0.8843,0.9074,0.4967,0.8215,0.7866,0.9411,0.1609,0.9481,0.2099,"['Taxi', 'Ship', 'Bike Sharing', 'Tram', 'Park']","['KLM', 'Trenitalia', 'VBB', 'Iberia', 'AirFrance']","['Window', 'Aisle', 'Large', 'Window', 'Window']","[76, 81, 34, 56, 46]",8.468329137049026e-54
2021-05-01 02:30:40.576868,COLDUSER1,2016-07-10,Nice,France,"['Cartafreccia', 'Golden Card', 'FlyingBlue']","['Paypal', 'Apple Wallet', 'Google Wallet', 'Visa', 'Mastercard']","['Wheelchair users in mainstreaming seat', 'Persons porting a carrycots', 'Wheelchair users in specific seat named h-seat', 'Person with deafness or auditory impairments', 'Persons with impairments in their members / users of temporary wheelchair', 'Pregnant woman', 'Older person', 'Persons with blind or visual impairments']","['Coach', 'Airline', 'Other', 'Car Sharing', 'Cable Way', 'Toll', 'Intercity', 'Urban']","[1.0, 0.5, 1.0, 1.0, 3.5, 1.5, 4.0, 0.0, 4.5, 2.0]",First Class,Window,Manual refund,2021050120055912,1,Business,Dublin,Milan,[],2022-10-20 21:49,2022-11-02 08:53,"['Local type', 'Water transport', 'Telecabin']",Max 1,At least 45 min,1500m,Slow,2000m,Fast,Fast,0.1121,0.6247,0.6666,0.4659,0.3671,0.3404,0.7007,0.1139,0.6244,0.958,0.9349,['Airline'],['KLM'],['Aisle'],[12],7.739699215520074e-54
2021-05-01 02:30:40.576868,COLDUSER1,2016-07-10,Nice,France,"['Cartafreccia', 'Golden Card', 'FlyingBlue']","['Paypal', 'Apple Wallet', 'Google Wallet', 'Visa', 'Mastercard']","['Wheelchair users in mainstreaming seat', 'Persons porting a carrycots', 'Wheelchair users in specific seat named h-seat', 'Person with deafness or auditory impairments', 'Persons with impairments in their members / users of temporary wheelchair', 'Pregnant woman', 'Older person', 'Persons with blind or visual impairments']","['Coach', 'Airline', 'Other', 'Car Sharing', 'Cable Way', 'Toll', 'Intercity', 'Urban']","[1.0, 0.5, 1.0, 1.0, 3.5, 1.5, 4.0, 0.0, 4.5, 2.0]",First Class,Window,Manual refund,2021050120055921,4,Business,Dublin,Milan,"['Warsaw', 'Kraków', 'Milan']",2022-10-20 21:49,2022-11-02 08:53,"['Local type', 'Water transport', 'Telecabin']",Max 1,At least 45 min,1000m,Slow,2500m,Fast,Fast,0.5262,0.5687,0.5491,0.9837,0.8884,0.2661,0.8194,0.6381,0.1242,0.9835,0.2999,"['Other', 'Train', 'Urban', 'Intercity']","['TMB', 'FlixBus', 'Iberia', 'FlixBus']","['Large', 'Aisle', 'Aisle', 'Aisle']","[21, 100, 29, 85]",7.373247362758254e-54
2021-05-01 02:30:40.576868,COLDUSER1,2016-07-10,Nice,France,"['Cartafreccia', 'Golden Card', 'FlyingBlue']","['Paypal', 'Apple Wallet', 'Google Wallet', 'Visa', 'Mastercard']","['Wheelchair users in mainstreaming seat', 'Persons porting a carrycots', 'Wheelchair users in specific seat named h-seat', 'Person with deafness or auditory impairments', 'Persons with impairments in their members / users of temporary wheelchair', 'Pregnant woman', 'Older person', 'Persons with blind or visual impairments']","['Coach', 'Airline', 'Other', 'Car Sharing', 'Cable Way', 'Toll', 'Intercity', 'Urban']","[1.0, 0.5, 1.0, 1.0, 3.5, 1.5, 4.0, 0.0, 4.5, 2.0]",First Class,Window,Manual refund,202105012005598,2,Business,Dublin,Milan,['Crok'],2022-10-20 21:49,2022-11-02 08:53,"['Local type', 'Water transport', 'Telecabin']",None,At least 25 min,2500m,Slow,10000m,Fast,Fast,0.7735,0.0886,0.10300000000000001,0.3797,0.0362,0.3415,0.8372,0.2648,0.134,0.9212,0.1825,"['Bike Sharing', 'Intercity']","['Renfe', 'RegioJet']","['Window', 'Large']","[58, 31]",6.492883662425788e-54
2021-05-01 02:30:40.576868,COLDUSER1,2016-07-10,Nice,France,"['Cartafreccia', 'Golden Card', 'FlyingBlue']","['Paypal', 'Apple Wallet', 'Google Wallet', 'Visa', 'Mastercard']","['Wheelchair users in mainstreaming seat', 'Persons porting a carrycots', 'Wheelchair users in specific seat named h-seat', 'Person with deafness or auditory impairments', 'Persons with impairments in their members / users of temporary wheelchair', 'Pregnant woman', 'Older person', 'Persons with blind or visual impairments']","['Coach', 'Airline', 'Other', 'Car Sharing', 'Cable Way', 'Toll', 'Intercity', 'Urban']","[1.0, 0.5, 1.0, 1.0, 3.5, 1.5, 4.0, 0.0, 4.5, 2.0]",First Class,Window,Manual refund,2021050120055914,5,Business,Dublin,Milan,"['Bruxelle', 'Brugge', 'Crok', 'Frankfurt']",2022-10-20 21:49,2022-11-02 08:53,"['Local type', 'Water transport', 'Telecabin']",Max 4,normal,500m,Slow,15000m,Fast,Fast,0.9888,0.0197,0.4277,0.0326,0.3381,0.267,0.1418,0.9252,0.1453,0.8044,0.6425,"['Toll', 'Tram', 'Ship', 'Bus', 'Urban']","['VBB', 'Renfe', 'Trenitalia', 'FlixBus', 'VBB']","['Window', 'Aisle', 'Aisle', 'Large', 'Aisle']","[76, 55, 87, 66, 50]",6.475678310341567e-54
2021-05-01 02:30:40.576868,COLDUSER1,2016-07-10,Nice,France,"['Cartafreccia', 'Golden Card', 'FlyingBlue']","['Paypal', 'Apple Wallet', 'Google Wallet', 'Visa', 'Mastercard']","['Wheelchair users in mainstreaming seat', 'Persons porting a carrycots', 'Wheelchair users in specific seat named h-seat', 'Person with deafness or auditory impairments', 'Persons with impairments in their members / users of temporary wheelchair', 'Pregnant woman', 'Older person', 'Persons with blind or visual impairments']","['Coach', 'Airline', 'Other', 'Car Sharing', 'Cable Way', 'Toll', 'Intercity', 'Urban']","[1.0, 0.5, 1.0, 1.0, 3.5, 1.5, 4.0, 0.0, 4.5, 2.0]",First Class,Window,Manual refund,2021050120055928,5,Business,Dublin,Milan,"['Madrid', 'Berlin', 'Oxford', 'Dublin']",2022-10-20 21:49,2022-11-02 08:53,"['Local type', 'Water transport', 'Telecabin']",Max 2,At least 35 min,1500m,Slow,5000m,Fast,Fast,0.3671,0.2681,0.6586,0.7658,0.7349,0.5865,0.7988,0.5068,0.5465,0.6441,0.5438,"['Other', 'Metro', 'Coach', 'Urban', 'Car Sharing']","['KLM', 'KLM', 'Iberia', 'FlixBus', 'FlixBus']","['Aisle', 'Window', 'Large', 'Large', 'Aisle']","[50, 58, 29, 47, 17]",6.184513698209583e-54
2021-05-01 02:30:40.576868,COLDUSER1,2016-07-10,Nice,France,"['Cartafreccia', 'Golden Card', 'FlyingBlue']","['Paypal', 'Apple Wallet', 'Google Wallet', 'Visa', 'Mastercard']","['Wheelchair users in mainstreaming seat', 'Persons porting a carrycots', 'Wheelchair users in specific seat named h-seat', 'Person with deafness or auditory impairments', 'Persons with impairments in their members / users of temporary wheelchair', 'Pregnant woman', 'Older person', 'Persons with blind or visual impairments']","['Coach', 'Airline', 'Other', 'Car Sharing', 'Cable Way', 'Toll', 'Intercity', 'Urban']","[1.0, 0.5, 1.0, 1.0, 3.5, 1.5, 4.0, 0.0, 4.5, 2.0]",First Class,Window,Manual refund,2021050120055911,4,Business,Dublin,Milan,"['Praha', 'Frankfurt', 'Paris']",2022-10-20 21:49,2022-11-02 08:53,"['Local type', 'Water transport', 'Telecabin']",Max 3,normal,500m,Slow,8500m,Fast,Fast,0.5613,0.5224,0.6506,0.5999,0.2209,0.1806,0.7497,0.4575,0.135,0.612,0.8134,"['Park', 'Coach', 'Tram', 'Bus']","['SNFC', 'VBB', 'Trenitalia', 'Renfe']","['Large', 'Window', 'Large', 'Window']","[22, 31, 70, 32]",5.873118279641694e-54
2021-05-01 02:30:40.576868,COLDUSER1,2016-07-10,Nice,France,"['Cartafreccia', 'Golden Card', 'FlyingBlue']","['Paypal', 'Apple Wallet', 'Google Wallet', 'Visa', 'Mastercard']","['Wheelchair users in mainstreaming seat', 'Persons porting a carrycots', 'Wheelchair users in specific seat named h-seat', 'Person with deafness or auditory impairments', 'Persons with impairments in their members / users of temporary wheelchair', 'Pregnant woman', 'Older person', 'Persons with blind or visual impairments']","['Coach', 'Airline', 'Other', 'Car Sharing', 'Cable Way', 'Toll', 'Intercity', 'Urban']","[1.0, 0.5, 1.0, 1.0, 3.5, 1.5, 4.0, 0.0, 4.5, 2.0]",First Class,Window,Manual refund,2021050120055924,4,Business,Dublin,Milan,"['Dublin', 'Paris', 'Madrid']",2022-10-20 21:49,2022-11-02 08:53,"['Local type', 'Water transport', 'Telecabin']",Unlimited,normal,500m,Slow,3000m,Fast,Fast,0.5195,0.7465,0.9185,0.9463,0.6846,0.6756,0.8037,0.22899999999999998,0.37,0.845,0.8021,"['Taxi', 'Bike Sharing', 'Car Sharing', 'Taxi']","['Renfe', 'VBB', 'KLM', 'TMB']","['Large', 'Large', 'Aisle', 'Window']","[44, 11, 84, 82]",4.8017104606090085e-54
2021-05-01 02:30:40.576868,COLDUSER1,2016-07-10,Nice,France,"['Cartafreccia', 'Golden Card', 'FlyingBlue']","['Paypal', 'Apple Wallet', 'Google Wallet', 'Visa', 'Mastercard']","['Wheelchair users in mainstreaming seat', 'Persons porting a carrycots', 'Wheelchair users in specific seat named h-seat', 'Person with deafness or auditory impairments', 'Persons with impairments in their members / users of temporary wheelchair', 'Pregnant woman', 'Older person', 'Persons with blind or visual impairments']","['Coach', 'Airline', 'Other', 'Car Sharing', 'Cable Way', 'Toll', 'Intercity', 'Urban']","[1.0, 0.5, 1.0, 1.0, 3.5, 1.5, 4.0, 0.0, 4.5, 2.0]",First Class,Window,Manual refund,2021050120055929,9,Business,Dublin,Milan,"['Brugge', 'Porto', 'Madrid', 'Praha', 'Oxford', 'Kraków', 'Barcelona', 'Paris']",2022-10-20 21:49,2022-11-02 08:53,"['Local type', 'Water transport', 'Telecabin']",None,At least 45 min,4500m,Slow,5000m,Fast,Fast,0.7547,0.2277,0.1223,0.5494,0.5841,0.6978,0.9196,0.2545,0.0342,0.6272,0.2991,"['Ship', 'Bus', 'Cable Way', 'Train', 'Taxi', 'Train', 'Car Sharing', 'Urban', 'Metro']","['Iberia', 'RegioJet', 'Iberia', 'Renfe', 'SNFC', 'KLM', 'KLM', 'Trenitalia', 'Renfe']","['Large', 'Aisle', 'Aisle', 'Window', 'Aisle', 'Window', 'Aisle', 'Large', 'Large']","[29, 97, 97, 10, 87, 91, 50, 74, 13]",3.013492203919942e-54
